<?xml version="1.0" encoding="UTF-8"?>
<root>
  <item name="pl.droidsonroids.gif.GifAnimationMetaData GifAnimationMetaData(android.content.res.Resources, int) 1">
    <annotation name="android.support.annotation.DrawableRes" />
    <annotation name="android.support.annotation.RawRes" />
  </item>
  <item name="pl.droidsonroids.gif.GifDrawable GifDrawable(android.content.res.Resources, int) 1">
    <annotation name="android.support.annotation.DrawableRes" />
    <annotation name="android.support.annotation.RawRes" />
  </item>
  <item name="pl.droidsonroids.gif.GifDrawable pl.droidsonroids.gif.GifDrawable createFromResource(android.content.res.Resources, int) 1">
    <annotation name="android.support.annotation.DrawableRes" />
    <annotation name="android.support.annotation.RawRes" />
  </item>
  <item name="pl.droidsonroids.gif.InputSource.ResourcesSource ResourcesSource(android.content.res.Resources, int) 1">
    <annotation name="android.support.annotation.DrawableRes" />
    <annotation name="android.support.annotation.RawRes" />
  </item>
</root>

